x-axis,1
second,Volt
+174.580000E-03,-290.829092E-03
+174.587200E-03,-341.080349E-03
+174.594400E-03,-290.829092E-03
+174.601600E-03,-290.829092E-03
+174.608800E-03,-341.080349E-03
+174.616000E-03,-290.829092E-03
+174.623200E-03,-441.582862E-03
+174.630400E-03,-441.582862E-03
+174.637600E-03,-441.582862E-03
+174.644800E-03,-341.080349E-03
+174.652000E-03,-290.829092E-03
+174.659200E-03,-290.829092E-03
+174.666400E-03,-341.080349E-03
+174.673600E-03,-441.582862E-03
+174.680800E-03,-441.582862E-03
+174.688000E-03,-341.080349E-03
+174.695200E-03,-441.582862E-03
+174.702400E-03,-341.080349E-03
+174.709600E-03,-441.582862E-03
+174.716800E-03,-290.829092E-03
+174.724000E-03,-341.080349E-03
+174.731200E-03,-290.829092E-03
+174.738400E-03,-341.080349E-03
+174.745600E-03,-290.829092E-03
+174.752800E-03,-290.829092E-03
+174.760000E-03,-491.834119E-03
+174.767200E-03,-341.080349E-03
+174.774400E-03,-290.829092E-03
+174.781600E-03,-290.829092E-03
+174.788800E-03,-290.829092E-03
+174.796000E-03,-341.080349E-03
+174.803200E-03,-341.080349E-03
+174.810400E-03,-290.829092E-03
+174.817600E-03,-341.080349E-03
+174.824800E-03,-290.829092E-03
+174.832000E-03,-290.829092E-03
+174.839200E-03,-290.829092E-03
+174.846400E-03,-290.829092E-03
+174.853600E-03,-441.582862E-03
+174.860800E-03,-290.829092E-03
+174.868000E-03,-290.829092E-03
+174.875200E-03,-290.829092E-03
+174.882400E-03,-290.829092E-03
+174.889600E-03,-441.582862E-03
+174.896800E-03,-290.829092E-03
+174.904000E-03,-341.080349E-03
+174.911200E-03,-341.080349E-03
+174.918400E-03,-290.829092E-03
+174.925600E-03,-290.829092E-03
+174.932800E-03,-341.080349E-03
+174.940000E-03,-290.829092E-03
+174.947200E-03,-290.829092E-03
+174.954400E-03,-290.829092E-03
+174.961600E-03,-290.829092E-03
+174.968800E-03,-290.829092E-03
+174.976000E-03,-441.582862E-03
+174.983200E-03,-441.582862E-03
+174.990400E-03,-290.829092E-03
+174.997600E-03,-290.829092E-03
+175.004800E-03,-491.834119E-03
+175.012000E-03,-290.829092E-03
+175.019200E-03,-341.080349E-03
+175.026400E-03,-341.080349E-03
+175.033600E-03,-290.829092E-03
+175.040800E-03,-290.829092E-03
+175.048000E-03,-290.829092E-03
+175.055200E-03,-290.829092E-03
+175.062400E-03,-290.829092E-03
+175.069600E-03,-491.834119E-03
+175.076800E-03,-441.582862E-03
+175.084000E-03,-491.834119E-03
+175.091200E-03,-341.080349E-03
+175.098400E-03,-441.582862E-03
+175.105600E-03,-290.829092E-03
+175.112800E-03,-341.080349E-03
+175.120000E-03,-290.829092E-03
+175.127200E-03,-491.834119E-03
+175.134400E-03,-290.829092E-03
+175.141600E-03,-290.829092E-03
+175.148800E-03,-290.829092E-03
+175.156000E-03,-341.080349E-03
+175.163200E-03,-441.582862E-03
+175.170400E-03,-290.829092E-03
+175.177600E-03,-441.582862E-03
+175.184800E-03,-290.829092E-03
+175.192000E-03,-341.080349E-03
+175.199200E-03,-441.582862E-03
+175.206400E-03,-341.080349E-03
+175.213600E-03,-341.080350E-03
+175.220800E-03,-290.829092E-03
+175.228000E-03,-491.834119E-03
+175.235200E-03,-290.829092E-03
+175.242400E-03,-441.582862E-03
+175.249600E-03,-290.829092E-03
+175.256800E-03,-491.834119E-03
+175.264000E-03,-290.829092E-03
+175.271200E-03,-290.829092E-03
+175.278400E-03,-290.829092E-03
+175.285600E-03,-290.829092E-03
+175.292800E-03,-290.829092E-03
+175.300000E-03,-441.582862E-03
+175.307200E-03,-290.829092E-03
+175.314400E-03,-290.829092E-03
+175.321600E-03,-290.829092E-03
+175.328800E-03,-441.582862E-03
+175.336000E-03,-441.582862E-03
+175.343200E-03,-341.080350E-03
+175.350400E-03,-341.080350E-03
+175.357600E-03,-341.080350E-03
+175.364800E-03,-290.829092E-03
+175.372000E-03,-290.829092E-03
+175.379200E-03,-290.829092E-03
+175.386400E-03,-290.829092E-03
+175.393600E-03,-341.080350E-03
+175.400800E-03,-341.080350E-03
+175.408000E-03,-290.829092E-03
+175.415200E-03,-341.080350E-03
+175.422400E-03,-290.829092E-03
+175.429600E-03,-290.829092E-03
+175.436800E-03,-491.834119E-03
+175.444000E-03,-290.829092E-03
+175.451200E-03,-341.080350E-03
+175.458400E-03,-290.829092E-03
+175.465600E-03,-290.829092E-03
+175.472800E-03,-290.829092E-03
+175.480000E-03,-341.080350E-03
+175.487200E-03,-290.829092E-03
+175.494400E-03,-441.582861E-03
+175.501600E-03,-290.829092E-03
+175.508800E-03,-290.829092E-03
+175.516000E-03,-290.829092E-03
+175.523200E-03,-290.829092E-03
+175.530400E-03,-290.829092E-03
+175.537600E-03,-441.582861E-03
+175.544800E-03,-341.080350E-03
+175.552000E-03,-290.829092E-03
+175.559200E-03,-441.582861E-03
+175.566400E-03,-290.829092E-03
+175.573600E-03,-341.080350E-03
+175.580800E-03,-441.582861E-03
+175.588000E-03,-341.080350E-03
+175.595200E-03,-441.582861E-03
+175.602400E-03,-290.829092E-03
+175.609600E-03,-290.829092E-03
+175.616800E-03,-441.582861E-03
+175.624000E-03,-341.080350E-03
+175.631200E-03,-341.080350E-03
+175.638400E-03,-290.829092E-03
+175.645600E-03,-290.829092E-03
+175.652800E-03,-341.080350E-03
+175.660000E-03,-290.829092E-03
+175.667200E-03,-290.829092E-03
+175.674400E-03,-441.582861E-03
+175.681600E-03,-290.829092E-03
+175.688800E-03,-341.080350E-03
+175.696000E-03,-290.829092E-03
+175.703200E-03,-491.834119E-03
+175.710400E-03,-290.829092E-03
+175.717600E-03,-290.829092E-03
+175.724800E-03,-290.829092E-03
+175.732000E-03,-341.080350E-03
+175.739200E-03,-290.829092E-03
+175.746400E-03,-290.829092E-03
+175.753600E-03,-290.829092E-03
+175.760800E-03,-441.582861E-03
+175.768000E-03,-290.829092E-03
+175.775200E-03,-290.829092E-03
+175.782400E-03,-290.829092E-03
+175.789600E-03,-441.582861E-03
+175.796800E-03,-341.080350E-03
+175.804000E-03,-290.829092E-03
+175.811200E-03,-341.080350E-03
+175.818400E-03,-290.829092E-03
+175.825600E-03,-290.829092E-03
+175.832800E-03,-441.582861E-03
+175.840000E-03,-341.080350E-03
+175.847200E-03,-441.582861E-03
+175.854400E-03,-441.582861E-03
+175.861600E-03,-441.582861E-03
+175.868800E-03,-290.829092E-03
+175.876000E-03,-290.829092E-03
+175.883200E-03,-290.829092E-03
+175.890400E-03,-290.829092E-03
+175.897600E-03,-290.829092E-03
+175.904800E-03,-290.829092E-03
+175.912000E-03,-441.582861E-03
+175.919200E-03,-290.829092E-03
+175.926400E-03,-290.829092E-03
+175.933600E-03,-441.582861E-03
+175.940800E-03,-441.582861E-03
+175.948000E-03,-441.582861E-03
+175.955200E-03,-491.834119E-03
+175.962400E-03,-290.829092E-03
+175.969600E-03,-441.582861E-03
+175.976800E-03,-290.829092E-03
+175.984000E-03,-290.829092E-03
+175.991200E-03,-290.829092E-03
+175.998400E-03,-290.829092E-03
+176.005600E-03,-441.582861E-03
+176.012800E-03,-290.829092E-03
+176.020000E-03,-290.829092E-03
+176.027200E-03,-491.834119E-03
+176.034400E-03,-441.582861E-03
+176.041600E-03,-290.829092E-03
+176.048800E-03,-441.582861E-03
+176.056000E-03,-341.080350E-03
+176.063200E-03,-290.829092E-03
+176.070400E-03,-441.582861E-03
+176.077600E-03,-290.829092E-03
+176.084800E-03,-341.080350E-03
+176.092000E-03,-290.829092E-03
+176.099200E-03,-341.080350E-03
+176.106400E-03,-491.834119E-03
+176.113600E-03,-341.080350E-03
+176.120800E-03,-290.829092E-03
+176.128000E-03,-441.582861E-03
+176.135200E-03,-290.829092E-03
+176.142400E-03,-290.829092E-03
+176.149600E-03,-441.582861E-03
+176.156800E-03,-341.080350E-03
+176.164000E-03,-341.080350E-03
+176.171200E-03,-441.582861E-03
+176.178400E-03,-341.080350E-03
+176.185600E-03,-441.582861E-03
+176.192800E-03,-341.080350E-03
+176.200000E-03,-341.080350E-03
+176.207200E-03,-290.829092E-03
+176.214400E-03,-441.582861E-03
+176.221600E-03,-290.829092E-03
+176.228800E-03,-290.829092E-03
+176.236000E-03,-290.829092E-03
+176.243200E-03,-441.582861E-03
+176.250400E-03,-441.582861E-03
+176.257600E-03,-441.582861E-03
+176.264800E-03,-290.829092E-03
+176.272000E-03,-290.829092E-03
+176.279200E-03,-290.829092E-03
+176.286400E-03,-441.582861E-03
+176.293600E-03,-290.829092E-03
+176.300800E-03,-290.829092E-03
+176.308000E-03,-290.829092E-03
+176.315200E-03,-441.582861E-03
+176.322400E-03,-290.829092E-03
+176.329600E-03,-341.080350E-03
+176.336800E-03,-441.582861E-03
+176.344000E-03,-290.829092E-03
+176.351200E-03,-290.829092E-03
+176.358400E-03,-290.829092E-03
+176.365600E-03,-290.829092E-03
+176.372800E-03,-290.829092E-03
+176.380000E-03,-441.582861E-03
+176.387200E-03,-290.829092E-03
+176.394400E-03,-341.080351E-03
+176.401600E-03,-341.080351E-03
+176.408800E-03,-290.829092E-03
+176.416000E-03,-341.080351E-03
+176.423200E-03,-290.829092E-03
+176.430400E-03,-441.582861E-03
+176.437600E-03,-290.829092E-03
+176.444800E-03,-290.829092E-03
+176.452000E-03,-290.829092E-03
+176.459200E-03,-441.582861E-03
+176.466400E-03,-491.834119E-03
+176.473600E-03,-341.080351E-03
+176.480800E-03,-341.080351E-03
+176.488000E-03,-290.829092E-03
+176.495200E-03,-341.080351E-03
+176.502400E-03,-290.829092E-03
+176.509600E-03,-290.829092E-03
+176.516800E-03,-491.834119E-03
+176.524000E-03,-290.829092E-03
+176.531200E-03,-290.829092E-03
+176.538400E-03,-491.834119E-03
+176.545600E-03,-290.829092E-03
+176.552800E-03,-290.829092E-03
+176.560000E-03,-290.829092E-03
+176.567200E-03,-341.080351E-03
+176.574400E-03,-290.829092E-03
+176.581600E-03,-290.829092E-03
+176.588800E-03,-441.582860E-03
+176.596000E-03,-441.582860E-03
+176.603200E-03,-341.080351E-03
+176.610400E-03,-290.829092E-03
+176.617600E-03,-290.829092E-03
+176.624800E-03,-491.834119E-03
+176.632000E-03,-441.582860E-03
+176.639200E-03,-341.080351E-03
+176.646400E-03,-290.829092E-03
+176.653600E-03,-441.582860E-03
+176.660800E-03,-290.829092E-03
+176.668000E-03,-290.829092E-03
+176.675200E-03,-290.829092E-03
+176.682400E-03,-290.829092E-03
+176.689600E-03,-441.582860E-03
+176.696800E-03,-290.829092E-03
+176.704000E-03,-290.829092E-03
+176.711200E-03,-341.080351E-03
+176.718400E-03,-441.582860E-03
+176.725600E-03,-491.834119E-03
+176.732800E-03,-290.829092E-03
+176.740000E-03,-290.829092E-03
+176.747200E-03,-290.829092E-03
+176.754400E-03,-341.080351E-03
+176.761600E-03,-441.582860E-03
+176.768800E-03,-290.829092E-03
+176.776000E-03,-290.829092E-03
+176.783200E-03,-290.829092E-03
+176.790400E-03,-341.080351E-03
+176.797600E-03,-441.582860E-03
+176.804800E-03,-290.829092E-03
+176.812000E-03,-290.829092E-03
+176.819200E-03,-290.829092E-03
+176.826400E-03,-341.080351E-03
+176.833600E-03,-290.829092E-03
+176.840800E-03,-290.829092E-03
+176.848000E-03,-290.829092E-03
+176.855200E-03,-341.080351E-03
+176.862400E-03,-290.829092E-03
+176.869600E-03,-290.829092E-03
+176.876800E-03,-290.829092E-03
+176.884000E-03,-441.582860E-03
+176.891200E-03,-290.829092E-03
+176.898400E-03,-441.582860E-03
+176.905600E-03,-441.582860E-03
+176.912800E-03,-290.829092E-03
+176.920000E-03,-341.080351E-03
+176.927200E-03,-341.080351E-03
+176.934400E-03,-290.829092E-03
+176.941600E-03,-290.829092E-03
+176.948800E-03,-290.829092E-03
+176.956000E-03,-441.582860E-03
+176.963200E-03,-441.582860E-03
+176.970400E-03,-341.080351E-03
+176.977600E-03,-290.829092E-03
+176.984800E-03,-491.834119E-03
+176.992000E-03,-290.829092E-03
+176.999200E-03,-290.829092E-03
+177.006400E-03,-290.829092E-03
+177.013600E-03,-441.582860E-03
+177.020800E-03,-290.829092E-03
+177.028000E-03,-341.080351E-03
+177.035200E-03,-341.080351E-03
+177.042400E-03,-290.829092E-03
+177.049600E-03,-290.829092E-03
+177.056800E-03,-441.582860E-03
+177.064000E-03,-341.080351E-03
+177.071200E-03,-341.080351E-03
+177.078400E-03,-491.834119E-03
+177.085600E-03,-290.829092E-03
+177.092800E-03,-290.829092E-03
+177.100000E-03,-290.829092E-03
+177.107200E-03,-341.080351E-03
+177.114400E-03,-441.582860E-03
+177.121600E-03,-441.582860E-03
+177.128800E-03,-341.080351E-03
+177.136000E-03,-441.582860E-03
+177.143200E-03,-290.829092E-03
+177.150400E-03,-441.582860E-03
+177.157600E-03,-441.582860E-03
+177.164800E-03,-441.582860E-03
+177.172000E-03,-341.080351E-03
+177.179200E-03,-290.829092E-03
+177.186400E-03,-341.080351E-03
+177.193600E-03,-290.829092E-03
+177.200800E-03,-341.080351E-03
+177.208000E-03,-290.829092E-03
+177.215200E-03,-341.080351E-03
+177.222400E-03,-441.582860E-03
+177.229600E-03,-290.829092E-03
+177.236800E-03,-290.829092E-03
+177.244000E-03,-341.080351E-03
+177.251200E-03,-290.829092E-03
+177.258400E-03,-341.080351E-03
+177.265600E-03,-341.080351E-03
+177.272800E-03,-341.080351E-03
+177.280000E-03,-290.829092E-03
+177.287200E-03,-290.829092E-03
+177.294400E-03,-290.829092E-03
+177.301600E-03,-290.829092E-03
+177.308800E-03,-441.582860E-03
+177.316000E-03,-441.582860E-03
+177.323200E-03,-290.829092E-03
+177.330400E-03,-290.829092E-03
+177.337600E-03,-290.829092E-03
+177.344800E-03,-290.829092E-03
+177.352000E-03,-290.829092E-03
+177.359200E-03,-290.829092E-03
+177.366400E-03,-441.582860E-03
+177.373600E-03,-341.080351E-03
+177.380800E-03,-290.829092E-03
+177.388000E-03,-290.829092E-03
+177.395200E-03,-341.080351E-03
+177.402400E-03,-441.582860E-03
+177.409600E-03,-341.080351E-03
+177.416800E-03,-290.829092E-03
+177.424000E-03,-290.829092E-03
+177.431200E-03,-290.829092E-03
+177.438400E-03,-290.829092E-03
+177.445600E-03,-441.582860E-03
+177.452800E-03,-441.582860E-03
+177.460000E-03,-441.582860E-03
+177.467200E-03,-290.829092E-03
+177.474400E-03,-290.829092E-03
+177.481600E-03,-341.080352E-03
+177.488800E-03,-290.829092E-03
+177.496000E-03,-290.829092E-03
+177.503200E-03,-290.829092E-03
+177.510400E-03,-290.829092E-03
+177.517600E-03,-341.080352E-03
+177.524800E-03,-441.582860E-03
+177.532000E-03,-341.080352E-03
+177.539200E-03,-341.080352E-03
+177.546400E-03,-290.829092E-03
+177.553600E-03,-441.582860E-03
+177.560800E-03,-290.829092E-03
+177.568000E-03,-290.829092E-03
+177.575200E-03,-290.829092E-03
+177.582400E-03,-290.829092E-03
+177.589600E-03,-290.829092E-03
+177.596800E-03,-441.582860E-03
+177.604000E-03,-341.080352E-03
+177.611200E-03,-441.582860E-03
+177.618400E-03,-441.582860E-03
+177.625600E-03,-290.829092E-03
+177.632800E-03,-441.582860E-03
+177.640000E-03,-290.829092E-03
+177.647200E-03,-341.080352E-03
+177.654400E-03,-341.080352E-03
+177.661600E-03,-491.834119E-03
+177.668800E-03,-441.582860E-03
+177.676000E-03,-341.080352E-03
+177.683200E-03,-491.834119E-03
+177.690400E-03,-491.834119E-03
+177.697600E-03,-491.834119E-03
+177.704800E-03,-843.592913E-03
+177.712000E-03,-1.094849199E+00
+177.719200E-03,-1.496859252E+00
+177.726400E-03,-1.898869306E+00
+177.733600E-03,-2.753140672E+00
+177.740800E-03,-4.310929626E+00
+177.748000E-03,-5.667713554E+00
+177.755200E-03,-6.722989947E+00
+177.762400E-03,-7.728015080E+00
+177.769600E-03,-8.532035187E+00
+177.776800E-03,-9.135050267E+00
+177.784000E-03,-9.788316607E+00
+177.791200E-03,-10.391331687E+00
+177.798400E-03,-10.994346767E+00
+177.805600E-03,-11.547110587E+00
+177.812800E-03,-11.748115614E+00
+177.820000E-03,-11.697864354E+00
+177.827200E-03,-11.396356820E+00
+177.834400E-03,-11.094849274E+00
+177.841600E-03,-10.491834194E+00
+177.848800E-03,-10.140075400E+00
+177.856000E-03,-10.190326660E+00
+177.863200E-03,-10.994346767E+00
+177.870400E-03,-11.999371900E+00
+177.877600E-03,-13.406407087E+00
+177.884800E-03,-14.160175934E+00
+177.892000E-03,-14.562185988E+00
+177.899200E-03,-14.562185988E+00
+177.906400E-03,-14.712939755E+00
+177.913600E-03,-14.813442274E+00
+177.920800E-03,-15.215452328E+00
+177.928000E-03,-15.416457354E+00
+177.935200E-03,-15.768216148E+00
+177.942400E-03,-15.717964888E+00
+177.949600E-03,-15.315954835E+00
+177.956800E-03,-14.361180961E+00
+177.964000E-03,-13.104899541E+00
+177.971200E-03,-11.949120641E+00
+177.978400E-03,-11.145100534E+00
+177.985600E-03,-10.743090481E+00
+177.992800E-03,-10.391331687E+00
+178.000000E-03,-10.341080427E+00
+178.007200E-03,-10.089824141E+00
+178.014400E-03,-9.738065347E+00
+178.021600E-03,-9.687814087E+00
+178.028800E-03,-9.336055294E+00
+178.036000E-03,-8.934045240E+00
+178.043200E-03,-8.280778900E+00
+178.050400E-03,-6.873743714E+00
+178.057600E-03,-5.516959786E+00
+178.064800E-03,-4.712939680E+00
+178.072000E-03,-4.260678366E+00
+178.079200E-03,-3.657663286E+00
+178.086400E-03,-3.305904493E+00
+178.093600E-03,-2.903894439E+00
+178.100800E-03,-2.300879359E+00
+178.108000E-03,-1.697864279E+00
+178.115200E-03,-893.844172E-03
+178.122400E-03,-491.834119E-03
+178.129600E-03,-89.824066E-03
+178.136800E-03,+111.180961E-03
+178.144000E-03,+714.196041E-03
+178.151200E-03,+1.116206095E+00
+178.158400E-03,+1.920226201E+00
+178.165600E-03,+2.724246308E+00
+178.172800E-03,+3.729271442E+00
+178.180000E-03,+4.784547835E+00
+178.187200E-03,+5.890075475E+00
+178.194400E-03,+6.895100609E+00
+178.201600E-03,+7.598618209E+00
+178.208800E-03,+8.352387056E+00
+178.216000E-03,+8.553392082E+00
+178.223200E-03,+8.101130769E+00
+178.230400E-03,+7.096105636E+00
+178.237600E-03,+5.488065422E+00
+178.244800E-03,+3.277010128E+00
+178.252000E-03,+1.467964888E+00
+178.259200E-03,+663.944781E-03
+178.266400E-03,+312.185988E-03
+178.273600E-03,+312.185988E-03
+178.280800E-03,+312.185988E-03
+178.288000E-03,-140.075326E-03
+178.295200E-03,-692.839146E-03
+178.302400E-03,-743.090406E-03
+178.309600E-03,-290.829092E-03
+178.316800E-03,+362.437248E-03
+178.324000E-03,+1.518216148E+00
+178.331200E-03,+2.372487515E+00
+178.338400E-03,+3.528266415E+00
+178.345600E-03,+4.533291548E+00
+178.352800E-03,+4.985552862E+00
+178.360000E-03,+5.287060395E+00
+178.367200E-03,+4.684045315E+00
+178.374400E-03,+3.578517675E+00
+178.381600E-03,+2.523241282E+00
+178.388800E-03,+1.317211121E+00
+178.396000E-03,+111.180961E-03
+178.403200E-03,-1.094849199E+00
+178.410400E-03,-1.697864279E+00
+178.417600E-03,-1.748115539E+00
+178.424800E-03,-1.496859252E+00
+178.432000E-03,-743.090406E-03
+178.439200E-03,-240.577832E-03
+178.446400E-03,+312.185988E-03
+178.453600E-03,+1.266959861E+00
+178.460800E-03,+2.372487515E+00
+178.468000E-03,+3.126256362E+00
+178.475200E-03,+3.930276468E+00
+178.482400E-03,+4.734296575E+00
+178.489600E-03,+5.086055368E+00
+178.496800E-03,+5.136306629E+00
+178.504000E-03,+4.935301602E+00
+178.511200E-03,+4.533291548E+00
+178.518400E-03,+3.980527729E+00
+178.525600E-03,+3.880025208E+00
+178.532800E-03,+3.528266415E+00
+178.540000E-03,+3.528266415E+00
+178.547200E-03,+3.528266415E+00
+178.554400E-03,+3.779522702E+00
+178.561600E-03,+4.181532755E+00
+178.568800E-03,+4.533291548E+00
+178.576000E-03,+4.734296575E+00
+178.583200E-03,+4.935301602E+00
+178.590400E-03,+4.734296575E+00
+178.597600E-03,+4.684045315E+00
+178.604800E-03,+4.131281495E+00
+178.612000E-03,+3.729271442E+00
+178.619200E-03,+3.126256362E+00
+178.626400E-03,+2.673995048E+00
+178.633600E-03,+1.970477462E+00
+178.640800E-03,+1.719221175E+00
+178.648000E-03,+1.518216148E+00
+178.655200E-03,+1.518216148E+00
+178.662400E-03,+1.367462382E+00
+178.669600E-03,+1.116206095E+00
+178.676800E-03,+915.201068E-03
+178.684000E-03,+714.196041E-03
+178.691200E-03,+513.191015E-03
+178.698400E-03,+663.944781E-03
+178.705600E-03,+915.201068E-03
+178.712800E-03,+1.518216148E+00
+178.720000E-03,+2.121231228E+00
+178.727200E-03,+2.523241282E+00
+178.734400E-03,+2.925251335E+00
+178.741600E-03,+2.774497569E+00
+178.748800E-03,+2.523241282E+00
+178.756000E-03,+1.970477462E+00
+178.763200E-03,+1.317211121E+00
+178.770400E-03,+714.196041E-03
+178.777600E-03,+261.934727E-03
+178.784800E-03,-290.829092E-03
+178.792000E-03,-491.834119E-03
+178.799200E-03,-743.090406E-03
+178.806400E-03,-1.094849199E+00
+178.813600E-03,-1.295854226E+00
+178.820800E-03,-1.295854226E+00
+178.828000E-03,-1.295854226E+00
+178.835200E-03,-893.844172E-03
+178.842400E-03,-692.839146E-03
+178.849600E-03,-240.577832E-03
+178.856800E-03,+161.432222E-03
+178.864000E-03,+513.191015E-03
+178.871200E-03,+915.201068E-03
+178.878400E-03,+1.266959861E+00
+178.885600E-03,+1.518216148E+00
+178.892800E-03,+1.719221175E+00
+178.900000E-03,+1.920226201E+00
+178.907200E-03,+1.719221175E+00
+178.914400E-03,+1.719221175E+00
+178.921600E-03,+1.518216148E+00
+178.928800E-03,+1.116206095E+00
+178.936000E-03,+864.949807E-03
+178.943200E-03,+513.191015E-03
+178.950400E-03,+312.185988E-03
+178.957600E-03,+312.185988E-03
+178.964800E-03,+312.185988E-03
+178.972000E-03,+513.191015E-03
+178.979200E-03,+714.196041E-03
+178.986400E-03,+915.201068E-03
+178.993600E-03,+1.317211121E+00
+179.000800E-03,+1.719221175E+00
+179.008000E-03,+1.970477462E+00
+179.015200E-03,+2.322236255E+00
+179.022400E-03,+2.523241282E+00
+179.029600E-03,+2.523241282E+00
+179.036800E-03,+2.372487515E+00
+179.044000E-03,+2.121231228E+00
+179.051200E-03,+1.769472435E+00
+179.058400E-03,+1.467964887E+00
+179.065600E-03,+1.116206095E+00
+179.072800E-03,+764.447302E-03
+179.080000E-03,+513.191015E-03
+179.087200E-03,+513.191015E-03
+179.094400E-03,+563.442275E-03
+179.101600E-03,+915.201068E-03
+179.108800E-03,+1.166457355E+00
+179.116000E-03,+1.568467409E+00
+179.123200E-03,+2.121231228E+00
+179.130400E-03,+2.523241282E+00
+179.137600E-03,+2.925251335E+00
+179.144800E-03,+3.126256362E+00
+179.152000E-03,+3.327261388E+00
+179.159200E-03,+3.377512649E+00
+179.166400E-03,+3.327261388E+00
+179.173600E-03,+3.126256362E+00
+179.180800E-03,+3.126256362E+00
+179.188000E-03,+3.076005101E+00
+179.195200E-03,+2.925251335E+00
+179.202400E-03,+2.724246308E+00
+179.209600E-03,+2.875000074E+00
+179.216800E-03,+2.724246308E+00
+179.224000E-03,+2.724246308E+00
+179.231200E-03,+2.724246308E+00
+179.238400E-03,+2.724246308E+00
+179.245600E-03,+2.724246308E+00
+179.252800E-03,+2.523241282E+00
+179.260000E-03,+2.422738760E+00
+179.267200E-03,+2.121231228E+00
+179.274400E-03,+1.920226201E+00
+179.281600E-03,+1.719221175E+00
+179.288800E-03,+1.668969914E+00
+179.296000E-03,+1.467964887E+00
+179.303200E-03,+1.266959860E+00
+179.310400E-03,+1.116206095E+00
+179.317600E-03,+1.116206095E+00
+179.324800E-03,+965.452329E-03
+179.332000E-03,+915.201068E-03
+179.339200E-03,+915.201068E-03
+179.346400E-03,+915.201068E-03
+179.353600E-03,+915.201068E-03
+179.360800E-03,+1.116206095E+00
+179.368000E-03,+1.116206095E+00
+179.375200E-03,+1.116206095E+00
+179.382400E-03,+1.317211121E+00
+179.389600E-03,+1.367462382E+00
+179.396800E-03,+1.518216148E+00
+179.404000E-03,+1.518216148E+00
+179.411200E-03,+1.518216148E+00
+179.418400E-03,+1.518216148E+00
+179.425600E-03,+1.467964887E+00
+179.432800E-03,+1.317211121E+00
+179.440000E-03,+1.116206095E+00
+179.447200E-03,+1.065954834E+00
+179.454400E-03,+864.949807E-03
+179.461600E-03,+714.196041E-03
+179.468800E-03,+714.196041E-03
+179.476000E-03,+714.196041E-03
+179.483200E-03,+714.196041E-03
+179.490400E-03,+563.442276E-03
+179.497600E-03,+714.196041E-03
+179.504800E-03,+714.196041E-03
+179.512000E-03,+714.196041E-03
+179.519200E-03,+915.201068E-03
+179.526400E-03,+915.201068E-03
+179.533600E-03,+1.065954834E+00
+179.540800E-03,+965.452329E-03
+179.548000E-03,+1.116206095E+00
+179.555200E-03,+1.116206095E+00
+179.562400E-03,+1.116206095E+00
+179.569600E-03,+1.266959860E+00
+179.576800E-03,+1.317211121E+00
+179.584000E-03,+1.317211121E+00
+179.591200E-03,+1.317211121E+00
+179.598400E-03,+1.317211121E+00
+179.605600E-03,+1.317211121E+00
+179.612800E-03,+1.116206095E+00
+179.620000E-03,+1.116206095E+00
+179.627200E-03,+915.201068E-03
+179.634400E-03,+915.201068E-03
+179.641600E-03,+915.201068E-03
+179.648800E-03,+714.196041E-03
+179.656000E-03,+563.442276E-03
+179.663200E-03,+663.944780E-03
+179.670400E-03,+462.939753E-03
+179.677600E-03,+312.185988E-03
+179.684800E-03,+312.185988E-03
+179.692000E-03,+111.180961E-03
+179.699200E-03,+111.180961E-03
+179.706400E-03,+111.180961E-03
+179.713600E-03,-39.572804E-03
+179.720800E-03,-89.824066E-03
+179.728000E-03,-89.824066E-03
+179.735200E-03,-89.824066E-03
+179.742400E-03,-290.829092E-03
+179.749600E-03,-290.829092E-03
+179.756800E-03,-290.829092E-03
+179.764000E-03,-290.829092E-03
+179.771200E-03,-290.829092E-03
+179.778400E-03,-290.829092E-03
+179.785600E-03,-441.582858E-03
+179.792800E-03,-290.829092E-03
+179.800000E-03,-290.829092E-03
+179.807200E-03,-290.829092E-03
+179.814400E-03,-290.829092E-03
+179.821600E-03,-140.075327E-03
+179.828800E-03,-89.824066E-03
+179.836000E-03,-39.572804E-03
+179.843200E-03,+111.180961E-03
+179.850400E-03,+111.180961E-03
+179.857600E-03,+161.432223E-03
+179.864800E-03,+312.185988E-03
+179.872000E-03,+312.185988E-03
+179.879200E-03,+312.185988E-03
+179.886400E-03,+312.185988E-03
+179.893600E-03,+362.437249E-03
+179.900800E-03,+513.191015E-03
+179.908000E-03,+513.191015E-03
+179.915200E-03,+312.185988E-03
+179.922400E-03,+362.437249E-03
+179.929600E-03,+462.939753E-03
+179.936800E-03,+312.185988E-03
+179.944000E-03,+312.185988E-03
+179.951200E-03,+312.185988E-03
+179.958400E-03,+312.185988E-03
+179.965600E-03,+312.185988E-03
+179.972800E-03,+312.185988E-03
+179.980000E-03,+312.185988E-03
+179.987200E-03,+312.185988E-03
+179.994400E-03,+312.185988E-03
+180.001600E-03,+312.185988E-03
+180.008800E-03,+312.185988E-03
+180.016000E-03,+312.185988E-03
+180.023200E-03,+312.185988E-03
+180.030400E-03,+312.185988E-03
+180.037600E-03,+312.185988E-03
+180.044800E-03,+312.185988E-03
+180.052000E-03,+312.185988E-03
+180.059200E-03,+362.437249E-03
+180.066400E-03,+312.185988E-03
+180.073600E-03,+513.191015E-03
+180.080800E-03,+513.191015E-03
+180.088000E-03,+513.191015E-03
+180.095200E-03,+513.191015E-03
+180.102400E-03,+513.191015E-03
+180.109600E-03,+513.191015E-03
+180.116800E-03,+513.191015E-03
+180.124000E-03,+714.196041E-03
+180.131200E-03,+714.196041E-03
+180.138400E-03,+714.196041E-03
+180.145600E-03,+764.447303E-03
+180.152800E-03,+764.447303E-03
+180.160000E-03,+915.201068E-03
+180.167200E-03,+915.201068E-03
+180.174400E-03,+915.201068E-03
+180.181600E-03,+915.201068E-03
+180.188800E-03,+915.201068E-03
+180.196000E-03,+864.949806E-03
+180.203200E-03,+714.196041E-03
+180.210400E-03,+714.196041E-03
+180.217600E-03,+563.442276E-03
+180.224800E-03,+513.191015E-03
+180.232000E-03,+362.437250E-03
+180.239200E-03,+362.437250E-03
+180.246400E-03,+312.185988E-03
+180.253600E-03,+312.185988E-03
+180.260800E-03,+312.185988E-03
+180.268000E-03,+312.185988E-03
+180.275200E-03,+111.180961E-03
+180.282400E-03,+111.180961E-03
+180.289600E-03,+111.180961E-03
+180.296800E-03,+111.180961E-03
+180.304000E-03,-39.572804E-03
+180.311200E-03,-89.824066E-03
+180.318400E-03,-89.824066E-03
+180.325600E-03,-89.824066E-03
+180.332800E-03,-89.824066E-03
+180.340000E-03,-240.577830E-03
+180.347200E-03,-290.829092E-03
+180.354400E-03,-290.829092E-03
+180.361600E-03,-290.829092E-03
+180.368800E-03,-441.582857E-03
+180.376000E-03,-491.834119E-03
+180.383200E-03,-491.834119E-03
+180.390400E-03,-692.839146E-03
+180.397600E-03,-692.839146E-03
+180.404800E-03,-692.839146E-03
+180.412000E-03,-692.839146E-03
+180.419200E-03,-692.839146E-03
+180.426400E-03,-893.844172E-03
+180.433600E-03,-893.844172E-03
+180.440800E-03,-893.844172E-03
+180.448000E-03,-893.844172E-03
+180.455200E-03,-893.844172E-03
+180.462400E-03,-944.095434E-03
+180.469600E-03,-893.844172E-03
+180.476800E-03,-893.844172E-03
+180.484000E-03,-893.844172E-03
+180.491200E-03,-893.844172E-03
+180.498400E-03,-893.844172E-03
+180.505600E-03,-893.844172E-03
+180.512800E-03,-893.844172E-03
+180.520000E-03,-1.044597937E+00
+180.527200E-03,-1.044597937E+00
+180.534400E-03,-893.844172E-03
+180.541600E-03,-893.844172E-03
+180.548800E-03,-893.844172E-03
+180.556000E-03,-893.844172E-03
+180.563200E-03,-893.844172E-03
+180.570400E-03,-743.090408E-03
+180.577600E-03,-893.844172E-03
+180.584800E-03,-893.844172E-03
+180.592000E-03,-743.090408E-03
+180.599200E-03,-893.844172E-03
+180.606400E-03,-893.844172E-03
+180.613600E-03,-843.592910E-03
+180.620800E-03,-893.844172E-03
+180.628000E-03,-893.844172E-03
+180.635200E-03,-893.844172E-03
+180.642400E-03,-893.844172E-03
+180.649600E-03,-692.839146E-03
+180.656800E-03,-893.844172E-03
+180.664000E-03,-893.844172E-03
+180.671200E-03,-692.839146E-03
+180.678400E-03,-692.839146E-03
+180.685600E-03,-692.839146E-03
+180.692800E-03,-743.090408E-03
+180.700000E-03,-692.839146E-03
+180.707200E-03,-692.839146E-03
+180.714400E-03,-692.839146E-03
+180.721600E-03,-692.839146E-03
+180.728800E-03,-692.839146E-03
+180.736000E-03,-642.587884E-03
+180.743200E-03,-642.587883E-03
+180.750400E-03,-341.080354E-03
+180.757600E-03,-341.080354E-03
+180.764800E-03,-491.834119E-03
+180.772000E-03,-441.582857E-03
+180.779200E-03,-341.080354E-03
+180.786400E-03,-290.829092E-03
+180.793600E-03,-290.829092E-03
+180.800800E-03,-290.829092E-03
+180.808000E-03,-89.824066E-03
+180.815200E-03,-89.824066E-03
+180.822400E-03,-240.577830E-03
+180.829600E-03,-89.824066E-03
+180.836800E-03,-89.824066E-03
+180.844000E-03,-89.824066E-03
+180.851200E-03,-89.824066E-03
+180.858400E-03,-89.824066E-03
+180.865600E-03,-89.824066E-03
+180.872800E-03,-89.824066E-03
+180.880000E-03,-89.824066E-03
+180.887200E-03,-89.824066E-03
+180.894400E-03,-89.824066E-03
+180.901600E-03,-89.824066E-03
+180.908800E-03,-89.824066E-03
+180.916000E-03,-89.824066E-03
+180.923200E-03,-89.824066E-03
+180.930400E-03,-89.824066E-03
+180.937600E-03,-89.824066E-03
+180.944800E-03,-89.824066E-03
+180.952000E-03,-89.824066E-03
+180.959200E-03,-89.824066E-03
+180.966400E-03,-89.824066E-03
+180.973600E-03,+60.929699E-03
+180.980800E-03,+111.180961E-03
+180.988000E-03,+111.180961E-03
+180.995200E-03,+111.180961E-03
+181.002400E-03,+111.180961E-03
+181.009600E-03,+111.180961E-03
+181.016800E-03,+312.185988E-03
+181.024000E-03,+312.185988E-03
+181.031200E-03,+312.185988E-03
+181.038400E-03,+312.185988E-03
+181.045600E-03,+312.185988E-03
+181.052800E-03,+111.180961E-03
+181.060000E-03,-89.824066E-03
+181.067200E-03,-290.829092E-03
+181.074400E-03,-491.834119E-03
+181.081600E-03,-692.839146E-03
+181.088800E-03,-893.844172E-03
+181.096000E-03,-944.095435E-03
+181.103200E-03,-1.346105488E+00
+181.110400E-03,-1.496859252E+00
+181.117600E-03,-1.697864279E+00
+181.124800E-03,-1.748115542E+00
+181.132000E-03,-1.898869306E+00
+181.139200E-03,-1.898869306E+00
+181.146400E-03,-1.949120568E+00
+181.153600E-03,-1.898869306E+00
+181.160800E-03,-1.898869306E+00
+181.168000E-03,-1.898869306E+00
+181.175200E-03,-1.748115542E+00
+181.182400E-03,-1.697864279E+00
+181.189600E-03,-1.697864279E+00
+181.196800E-03,-1.547110515E+00
+181.204000E-03,-1.496859252E+00
+181.211200E-03,-1.496859252E+00
+181.218400E-03,-1.295854226E+00
+181.225600E-03,-1.295854226E+00
+181.232800E-03,-1.145100462E+00
+181.240000E-03,-1.145100462E+00
+181.247200E-03,-1.145100462E+00
+181.254400E-03,-1.094849199E+00
+181.261600E-03,-1.094849199E+00
+181.268800E-03,-1.044597936E+00
+181.276000E-03,-1.094849199E+00
+181.283200E-03,-1.094849199E+00
+181.290400E-03,-1.094849199E+00
+181.297600E-03,-1.094849199E+00
+181.304800E-03,-1.094849199E+00
+181.312000E-03,-1.094849199E+00
+181.319200E-03,-1.094849199E+00
+181.326400E-03,-1.094849199E+00
+181.333600E-03,-1.145100462E+00
+181.340800E-03,-1.094849199E+00
+181.348000E-03,-1.295854226E+00
+181.355200E-03,-1.346105488E+00
+181.362400E-03,-1.346105488E+00
+181.369600E-03,-1.496859252E+00
+181.376800E-03,-1.496859252E+00
+181.384000E-03,-1.496859252E+00
+181.391200E-03,-1.496859252E+00
+181.398400E-03,-1.496859252E+00
+181.405600E-03,-1.496859252E+00
+181.412800E-03,-1.496859252E+00
+181.420000E-03,-1.496859252E+00
+181.427200E-03,-1.496859252E+00
+181.434400E-03,-1.496859252E+00
+181.441600E-03,-1.346105489E+00
+181.448800E-03,-1.295854226E+00
+181.456000E-03,-1.496859252E+00
+181.463200E-03,-1.295854226E+00
+181.470400E-03,-1.295854226E+00
+181.477600E-03,-1.295854226E+00
+181.484800E-03,-1.245602963E+00
+181.492000E-03,-1.295854226E+00
+181.499200E-03,-1.245602963E+00
+181.506400E-03,-1.145100462E+00
+181.513600E-03,-1.094849199E+00
+181.520800E-03,-1.094849199E+00
+181.528000E-03,-1.044597936E+00
+181.535200E-03,-1.094849199E+00
+181.542400E-03,-893.844172E-03
+181.549600E-03,-893.844172E-03
+181.556800E-03,-893.844172E-03
+181.564000E-03,-893.844172E-03
+181.571200E-03,-893.844172E-03
+181.578400E-03,-893.844172E-03
+181.585600E-03,-692.839146E-03
+181.592800E-03,-692.839146E-03
+181.600000E-03,-692.839146E-03
+181.607200E-03,-692.839146E-03
+181.614400E-03,-692.839146E-03
+181.621600E-03,-692.839146E-03
+181.628800E-03,-642.587883E-03
+181.636000E-03,-692.839146E-03
+181.643200E-03,-692.839146E-03
+181.650400E-03,-692.839146E-03
+181.657600E-03,-692.839146E-03
+181.664800E-03,-692.839146E-03
+181.672000E-03,-542.085382E-03
+181.679200E-03,-692.839146E-03
+181.686400E-03,-542.085382E-03
+181.693600E-03,-491.834119E-03
+181.700800E-03,-491.834119E-03
+181.708000E-03,-491.834119E-03
+181.715200E-03,-491.834119E-03
+181.722400E-03,-491.834119E-03
+181.729600E-03,-491.834119E-03
+181.736800E-03,-491.834119E-03
+181.744000E-03,-341.080355E-03
+181.751200E-03,-290.829092E-03
+181.758400E-03,-290.829092E-03
+181.765600E-03,-441.582856E-03
+181.772800E-03,-290.829092E-03
+181.780000E-03,-290.829092E-03
+181.787200E-03,-290.829092E-03
+181.794400E-03,-290.829092E-03
+181.801600E-03,-290.829092E-03
+181.808800E-03,-290.829092E-03
+181.816000E-03,-290.829092E-03
+181.823200E-03,-290.829092E-03
+181.830400E-03,-290.829092E-03
+181.837600E-03,-290.829092E-03
+181.844800E-03,-290.829092E-03
+181.852000E-03,-140.075329E-03
+181.859200E-03,-290.829092E-03
+181.866400E-03,-140.075329E-03
+181.873600E-03,-240.577829E-03
+181.880800E-03,-290.829092E-03
+181.888000E-03,-290.829092E-03
+181.895200E-03,-290.829092E-03
+181.902400E-03,-140.075329E-03
+181.909600E-03,-240.577829E-03
+181.916800E-03,-240.577829E-03
+181.924000E-03,-290.829092E-03
+181.931200E-03,-290.829092E-03
+181.938400E-03,-140.075329E-03
+181.945600E-03,-290.829092E-03
+181.952800E-03,-89.824066E-03
+181.960000E-03,-89.824066E-03
+181.967200E-03,-89.824066E-03
+181.974400E-03,-89.824066E-03
+181.981600E-03,-89.824066E-03
+181.988800E-03,-89.824066E-03
+181.996000E-03,-140.075329E-03
+182.003200E-03,-89.824066E-03
+182.010400E-03,-240.577829E-03
+182.017600E-03,-89.824066E-03
+182.024800E-03,-89.824066E-03
+182.032000E-03,-89.824066E-03
+182.039200E-03,-140.075329E-03
+182.046400E-03,-89.824066E-03
+182.053600E-03,-89.824066E-03
+182.060800E-03,-89.824066E-03
+182.068000E-03,-89.824066E-03
+182.075200E-03,-89.824066E-03
+182.082400E-03,-89.824066E-03
+182.089600E-03,-89.824066E-03
+182.096800E-03,-89.824066E-03
+182.104000E-03,-89.824066E-03
+182.111200E-03,-39.572802E-03
+182.118400E-03,-89.824066E-03
+182.125600E-03,+111.180961E-03
+182.132800E-03,+111.180961E-03
+182.140000E-03,+111.180961E-03
+182.147200E-03,+111.180961E-03
+182.154400E-03,+111.180961E-03
+182.161600E-03,+111.180961E-03
+182.168800E-03,+111.180961E-03
+182.176000E-03,+161.432225E-03
+182.183200E-03,+111.180961E-03
+182.190400E-03,+111.180961E-03
+182.197600E-03,+261.934724E-03
+182.204800E-03,+161.432225E-03
+182.212000E-03,+111.180961E-03
+182.219200E-03,+261.934724E-03
+182.226400E-03,+312.185988E-03
+182.233600E-03,+312.185988E-03
+182.240800E-03,+261.934724E-03
+182.248000E-03,+312.185988E-03
+182.255200E-03,+161.432225E-03
+182.262400E-03,+312.185988E-03
+182.269600E-03,+261.934724E-03
+182.276800E-03,+312.185988E-03
+182.284000E-03,+312.185988E-03
+182.291200E-03,+312.185988E-03
+182.298400E-03,+161.432225E-03
+182.305600E-03,+312.185988E-03
+182.312800E-03,+312.185988E-03
+182.320000E-03,+111.180961E-03
+182.327200E-03,+161.432225E-03
+182.334400E-03,+312.185988E-03
+182.341600E-03,+312.185988E-03
+182.348800E-03,+111.180961E-03
+182.356000E-03,+261.934724E-03
+182.363200E-03,+111.180961E-03
+182.370400E-03,+111.180961E-03
+182.377600E-03,+111.180961E-03
+182.384800E-03,+111.180961E-03
+182.392000E-03,+161.432225E-03
+182.399200E-03,+111.180961E-03
+182.406400E-03,+111.180961E-03
+182.413600E-03,+111.180961E-03
+182.420800E-03,+111.180961E-03
+182.428000E-03,+111.180961E-03
+182.435200E-03,+60.929697E-03
+182.442400E-03,+111.180961E-03
+182.449600E-03,-441.582855E-03
+182.456800E-03,-341.080356E-03
+182.464000E-03,-290.829092E-03
+182.471200E-03,-290.829092E-03
+182.478400E-03,-290.829092E-03
+182.485600E-03,-290.829092E-03
+182.492800E-03,-240.577829E-03
+182.500000E-03,-89.824066E-03
+182.507200E-03,-290.829092E-03
+182.514400E-03,-89.824066E-03
+182.521600E-03,-89.824066E-03
+182.528800E-03,-89.824066E-03
+182.536000E-03,-89.824066E-03
+182.543200E-03,-89.824066E-03
+182.550400E-03,-89.824066E-03
+182.557600E-03,-89.824066E-03
+182.564800E-03,-89.824066E-03
+182.572000E-03,-39.572802E-03
+182.579200E-03,-89.824066E-03
+182.586400E-03,+60.929697E-03
+182.593600E-03,+111.180961E-03
+182.600800E-03,+111.180961E-03
+182.608000E-03,+111.180961E-03
+182.615200E-03,+60.929697E-03
+182.622400E-03,-89.824066E-03
+182.629600E-03,-89.824066E-03
+182.636800E-03,-39.572802E-03
+182.644000E-03,+60.929697E-03
+182.651200E-03,-39.572802E-03
+182.658400E-03,+111.180961E-03
+182.665600E-03,+60.929697E-03
+182.672800E-03,-89.824066E-03
+182.680000E-03,-89.824066E-03
+182.687200E-03,-89.824066E-03
+182.694400E-03,-89.824066E-03
+182.701600E-03,-89.824066E-03
+182.708800E-03,-240.577828E-03
+182.716000E-03,-89.824066E-03
+182.723200E-03,-89.824066E-03
+182.730400E-03,-240.577828E-03
+182.737600E-03,-89.824066E-03
+182.744800E-03,-89.824066E-03
+182.752000E-03,-89.824066E-03
+182.759200E-03,-89.824066E-03
+182.766400E-03,-89.824066E-03
+182.773600E-03,-89.824066E-03
+182.780800E-03,-89.824066E-03
+182.788000E-03,-89.824066E-03
+182.795200E-03,-89.824066E-03
+182.802400E-03,-89.824066E-03
+182.809600E-03,-89.824066E-03
+182.816800E-03,-39.572802E-03
+182.824000E-03,+60.929697E-03
+182.831200E-03,-89.824066E-03
+182.838400E-03,-89.824066E-03
+182.845600E-03,-89.824066E-03
+182.852800E-03,+60.929697E-03
+182.860000E-03,-89.824066E-03
+182.867200E-03,-39.572802E-03
+182.874400E-03,-89.824066E-03
+182.881600E-03,-89.824066E-03
+182.888800E-03,+60.929697E-03
+182.896000E-03,-89.824066E-03
+182.903200E-03,+60.929697E-03
+182.910400E-03,-89.824066E-03
+182.917600E-03,+60.929697E-03
+182.924800E-03,+60.929697E-03
+182.932000E-03,-89.824066E-03
+182.939200E-03,-89.824066E-03
+182.946400E-03,-89.824066E-03
+182.953600E-03,-89.824066E-03
+182.960800E-03,-89.824066E-03
+182.968000E-03,-89.824066E-03
+182.975200E-03,-89.824066E-03
+182.982400E-03,-89.824066E-03
+182.989600E-03,+60.929697E-03
+182.996800E-03,-89.824066E-03
+183.004000E-03,-89.824066E-03
+183.011200E-03,-89.824066E-03
+183.018400E-03,-89.824066E-03
+183.025600E-03,-89.824066E-03
+183.032800E-03,-89.824066E-03
+183.040000E-03,-89.824066E-03
+183.047200E-03,+60.929697E-03
+183.054400E-03,-39.572801E-03
+183.061600E-03,+60.929697E-03
+183.068800E-03,+111.180961E-03
+183.076000E-03,-39.572801E-03
+183.083200E-03,-39.572801E-03
+183.090400E-03,+111.180961E-03
+183.097600E-03,-39.572801E-03
+183.104800E-03,+60.929697E-03
+183.112000E-03,+111.180961E-03
+183.119200E-03,+60.929697E-03
+183.126400E-03,-39.572801E-03
+183.133600E-03,+111.180961E-03
+183.140800E-03,-39.572801E-03
+183.148000E-03,+111.180961E-03
+183.155200E-03,+60.929697E-03
+183.162400E-03,-39.572801E-03
+183.169600E-03,-89.824066E-03
+183.176800E-03,-89.824066E-03
+183.184000E-03,-89.824066E-03
+183.191200E-03,-89.824066E-03
+183.198400E-03,-89.824066E-03
+183.205600E-03,-89.824066E-03
+183.212800E-03,-89.824066E-03
+183.220000E-03,-89.824066E-03
+183.227200E-03,-89.824066E-03
+183.234400E-03,-89.824066E-03
+183.241600E-03,-89.824066E-03
+183.248800E-03,-89.824066E-03
+183.256000E-03,-89.824066E-03
+183.263200E-03,-89.824066E-03
+183.270400E-03,-89.824066E-03
+183.277600E-03,-89.824066E-03
+183.284800E-03,+60.929697E-03
+183.292000E-03,-89.824066E-03
+183.299200E-03,-89.824066E-03
+183.306400E-03,-89.824066E-03
+183.313600E-03,-89.824066E-03
+183.320800E-03,-89.824066E-03
+183.328000E-03,-89.824066E-03
+183.335200E-03,-89.824066E-03
+183.342400E-03,-89.824066E-03
+183.349600E-03,-89.824066E-03
+183.356800E-03,-89.824066E-03
+183.364000E-03,-89.824066E-03
+183.371200E-03,-89.824066E-03
+183.378400E-03,-89.824066E-03
+183.385600E-03,-89.824066E-03
+183.392800E-03,-89.824066E-03
+183.400000E-03,-89.824066E-03
+183.407200E-03,-89.824066E-03
+183.414400E-03,-89.824066E-03
+183.421600E-03,-140.075330E-03
+183.428800E-03,-240.577828E-03
+183.436000E-03,-140.075330E-03
+183.443200E-03,-290.829092E-03
+183.450400E-03,-290.829092E-03
+183.457600E-03,-290.829092E-03
+183.464800E-03,-290.829092E-03
+183.472000E-03,-290.829092E-03
+183.479200E-03,-290.829092E-03
+183.486400E-03,-290.829092E-03
+183.493600E-03,-290.829092E-03
+183.500800E-03,-290.829092E-03
+183.508000E-03,-290.829092E-03
+183.515200E-03,-290.829092E-03
+183.522400E-03,-290.829092E-03
+183.529600E-03,-290.829092E-03
+183.536800E-03,-290.829092E-03
+183.544000E-03,-441.582854E-03
+183.551200E-03,-290.829092E-03
+183.558400E-03,-290.829092E-03
+183.565600E-03,-140.075330E-03
+183.572800E-03,-290.829092E-03
+183.580000E-03,-290.829092E-03
+183.587200E-03,-290.829092E-03
+183.594400E-03,-290.829092E-03
+183.601600E-03,-290.829092E-03
+183.608800E-03,-290.829092E-03
+183.616000E-03,-240.577828E-03
+183.623200E-03,-290.829092E-03
+183.630400E-03,-290.829092E-03
+183.637600E-03,-290.829092E-03
+183.644800E-03,-290.829092E-03
+183.652000E-03,-290.829092E-03
+183.659200E-03,-290.829092E-03
+183.666400E-03,-290.829092E-03
+183.673600E-03,-491.834119E-03
+183.680800E-03,-341.080357E-03
+183.688000E-03,-491.834119E-03
+183.695200E-03,-441.582854E-03
+183.702400E-03,-290.829092E-03
+183.709600E-03,-491.834119E-03
+183.716800E-03,-290.829092E-03
+183.724000E-03,-441.582854E-03
+183.731200E-03,-341.080357E-03
+183.738400E-03,-491.834119E-03
+183.745600E-03,-491.834119E-03
+183.752800E-03,-441.582854E-03
+183.760000E-03,-491.834119E-03
+183.767200E-03,-491.834119E-03
+183.774400E-03,-491.834119E-03
+183.781600E-03,-341.080357E-03
+183.788800E-03,-491.834119E-03
+183.796000E-03,-491.834119E-03
+183.803200E-03,-491.834119E-03
+183.810400E-03,-491.834119E-03
+183.817600E-03,-341.080357E-03
+183.824800E-03,-441.582854E-03
+183.832000E-03,-441.582854E-03
+183.839200E-03,-491.834119E-03
+183.846400E-03,-341.080357E-03
+183.853600E-03,-441.582854E-03
+183.860800E-03,-491.834119E-03
+183.868000E-03,-491.834119E-03
+183.875200E-03,-491.834119E-03
+183.882400E-03,-491.834119E-03
+183.889600E-03,-491.834119E-03
+183.896800E-03,-491.834119E-03
+183.904000E-03,-491.834119E-03
+183.911200E-03,-491.834119E-03
+183.918400E-03,-491.834119E-03
+183.925600E-03,-491.834119E-03
+183.932800E-03,-491.834119E-03
+183.940000E-03,-491.834119E-03
+183.947200E-03,-542.085384E-03
+183.954400E-03,-491.834119E-03
+183.961600E-03,-491.834119E-03
+183.968800E-03,-491.834119E-03
+183.976000E-03,-491.834119E-03
+183.983200E-03,-491.834119E-03
+183.990400E-03,-491.834119E-03
+183.997600E-03,-491.834119E-03
+184.004800E-03,-642.587881E-03
+184.012000E-03,-491.834119E-03
+184.019200E-03,-491.834119E-03
+184.026400E-03,-491.834119E-03
+184.033600E-03,-491.834119E-03
+184.040800E-03,-491.834119E-03
+184.048000E-03,-491.834119E-03
+184.055200E-03,-491.834119E-03
+184.062400E-03,-491.834119E-03
+184.069600E-03,-491.834119E-03
+184.076800E-03,-491.834119E-03
+184.084000E-03,-491.834119E-03
+184.091200E-03,-491.834119E-03
+184.098400E-03,-491.834119E-03
+184.105600E-03,-491.834119E-03
+184.112800E-03,-491.834119E-03
+184.120000E-03,-341.080357E-03
+184.127200E-03,-491.834119E-03
+184.134400E-03,-491.834119E-03
+184.141600E-03,-341.080357E-03
+184.148800E-03,-441.582854E-03
+184.156000E-03,-491.834119E-03
+184.163200E-03,-491.834119E-03
+184.170400E-03,-491.834119E-03
+184.177600E-03,-491.834119E-03
+184.184800E-03,-491.834119E-03
+184.192000E-03,-491.834119E-03
+184.199200E-03,-491.834119E-03
+184.206400E-03,-491.834119E-03
+184.213600E-03,-491.834119E-03
+184.220800E-03,-491.834119E-03
+184.228000E-03,-491.834119E-03
+184.235200E-03,-491.834119E-03
+184.242400E-03,-491.834119E-03
+184.249600E-03,-491.834119E-03
+184.256800E-03,-491.834119E-03
+184.264000E-03,-491.834119E-03
+184.271200E-03,-491.834119E-03
+184.278400E-03,-341.080358E-03
+184.285600E-03,-491.834119E-03
+184.292800E-03,-491.834119E-03
+184.300000E-03,-341.080358E-03
+184.307200E-03,-491.834119E-03
+184.314400E-03,-441.582854E-03
+184.321600E-03,-491.834119E-03
+184.328800E-03,-491.834119E-03
+184.336000E-03,-491.834119E-03
+184.343200E-03,-441.582854E-03
+184.350400E-03,-441.582854E-03
+184.357600E-03,-341.080358E-03
+184.364800E-03,-441.582854E-03
+184.372000E-03,-441.582854E-03
+184.379200E-03,-491.834119E-03
+184.386400E-03,-491.834119E-03
+184.393600E-03,-341.080358E-03
+184.400800E-03,-491.834119E-03
+184.408000E-03,-491.834119E-03
+184.415200E-03,-491.834119E-03
+184.422400E-03,-491.834119E-03
+184.429600E-03,-491.834119E-03
+184.436800E-03,-491.834119E-03
+184.444000E-03,-491.834119E-03
+184.451200E-03,-491.834119E-03
+184.458400E-03,-491.834119E-03
+184.465600E-03,-491.834119E-03
+184.472800E-03,-491.834119E-03
+184.480000E-03,-491.834119E-03
+184.487200E-03,-491.834119E-03
+184.494400E-03,-491.834119E-03
+184.501600E-03,-491.834119E-03
+184.508800E-03,-491.834119E-03
+184.516000E-03,-341.080358E-03
+184.523200E-03,-491.834119E-03
+184.530400E-03,-491.834119E-03
+184.537600E-03,-491.834119E-03
+184.544800E-03,-491.834119E-03
+184.552000E-03,-341.080358E-03
+184.559200E-03,-491.834119E-03
+184.566400E-03,-491.834119E-03
+184.573600E-03,-642.587880E-03
+184.580800E-03,-491.834119E-03
+184.588000E-03,-341.080358E-03
+184.595200E-03,-491.834119E-03
+184.602400E-03,-491.834119E-03
+184.609600E-03,-491.834119E-03
+184.616800E-03,-491.834119E-03
+184.624000E-03,-491.834119E-03
+184.631200E-03,-491.834119E-03
+184.638400E-03,-642.587880E-03
+184.645600E-03,-491.834119E-03
+184.652800E-03,-491.834119E-03
+184.660000E-03,-491.834119E-03
+184.667200E-03,-491.834119E-03
+184.674400E-03,-491.834119E-03
+184.681600E-03,-491.834119E-03
+184.688800E-03,-491.834119E-03
+184.696000E-03,-642.587880E-03
+184.703200E-03,-491.834119E-03
+184.710400E-03,-491.834119E-03
+184.717600E-03,-491.834119E-03
+184.724800E-03,-491.834119E-03
+184.732000E-03,-491.834119E-03
+184.739200E-03,-491.834119E-03
+184.746400E-03,-491.834119E-03
+184.753600E-03,-491.834119E-03
+184.760800E-03,-491.834119E-03
+184.768000E-03,-642.587880E-03
+184.775200E-03,-491.834119E-03
+184.782400E-03,-491.834119E-03
+184.789600E-03,-491.834119E-03
+184.796800E-03,-491.834119E-03
+184.804000E-03,-491.834119E-03
+184.811200E-03,-491.834119E-03
+184.818400E-03,-491.834119E-03
+184.825600E-03,-491.834119E-03
+184.832800E-03,-491.834119E-03
+184.840000E-03,-491.834119E-03
+184.847200E-03,-491.834119E-03
+184.854400E-03,-491.834119E-03
+184.861600E-03,-491.834119E-03
+184.868800E-03,-491.834119E-03
+184.876000E-03,-491.834119E-03
+184.883200E-03,-491.834119E-03
+184.890400E-03,-491.834119E-03
+184.897600E-03,-491.834119E-03
+184.904800E-03,-491.834119E-03
+184.912000E-03,-341.080358E-03
+184.919200E-03,-491.834119E-03
+184.926400E-03,-542.085385E-03
+184.933600E-03,-491.834119E-03
+184.940800E-03,-542.085385E-03
+184.948000E-03,-491.834119E-03
+184.955200E-03,-491.834119E-03
+184.962400E-03,-542.085385E-03
+184.969600E-03,-542.085385E-03
+184.976800E-03,-491.834119E-03
+184.984000E-03,-491.834119E-03
+184.991200E-03,-491.834119E-03
+184.998400E-03,-491.834119E-03
+185.005600E-03,-491.834119E-03
+185.012800E-03,-491.834119E-03
+185.020000E-03,-491.834119E-03
+185.027200E-03,-491.834119E-03
+185.034400E-03,-491.834119E-03
+185.041600E-03,-542.085385E-03
+185.048800E-03,-491.834119E-03
+185.056000E-03,-491.834119E-03
+185.063200E-03,-491.834119E-03
+185.070400E-03,-491.834119E-03
+185.077600E-03,-491.834119E-03
+185.084800E-03,-491.834119E-03
+185.092000E-03,-491.834119E-03
+185.099200E-03,-491.834119E-03
+185.106400E-03,-542.085385E-03
+185.113600E-03,-491.834119E-03
+185.120800E-03,-491.834119E-03
+185.128000E-03,-491.834119E-03
+185.135200E-03,-491.834119E-03
+185.142400E-03,-542.085385E-03
+185.149600E-03,-542.085385E-03
+185.156800E-03,-491.834119E-03
+185.164000E-03,-491.834119E-03
+185.171200E-03,-491.834119E-03
+185.178400E-03,-491.834119E-03
+185.185600E-03,-491.834119E-03
+185.192800E-03,-491.834119E-03
+185.200000E-03,-491.834119E-03
+185.207200E-03,-491.834119E-03
+185.214400E-03,-441.582853E-03
+185.221600E-03,-491.834119E-03
+185.228800E-03,-341.080358E-03
+185.236000E-03,-491.834119E-03
+185.243200E-03,-441.582853E-03
+185.250400E-03,-491.834119E-03
+185.257600E-03,-491.834119E-03
+185.264800E-03,-491.834119E-03
+185.272000E-03,-341.080358E-03
+185.279200E-03,-341.080358E-03
+185.286400E-03,-491.834119E-03
+185.293600E-03,-290.829092E-03
+185.300800E-03,-441.582853E-03
+185.308000E-03,-441.582853E-03
+185.315200E-03,-491.834119E-03
+185.322400E-03,-441.582853E-03
+185.329600E-03,-441.582853E-03
+185.336800E-03,-491.834119E-03
+185.344000E-03,-341.080359E-03
+185.351200E-03,-441.582853E-03
+185.358400E-03,-341.080359E-03
+185.365600E-03,-341.080359E-03
+185.372800E-03,-341.080359E-03
+185.380000E-03,-341.080359E-03
+185.387200E-03,-341.080359E-03
+185.394400E-03,-491.834119E-03
+185.401600E-03,-441.582853E-03
+185.408800E-03,-341.080359E-03
+185.416000E-03,-341.080359E-03
+185.423200E-03,-441.582853E-03
+185.430400E-03,-290.829092E-03
+185.437600E-03,-290.829092E-03
+185.444800E-03,-290.829092E-03
+185.452000E-03,-290.829092E-03
+185.459200E-03,-290.829092E-03
+185.466400E-03,-341.080359E-03
+185.473600E-03,-290.829092E-03
+185.480800E-03,-290.829092E-03
+185.488000E-03,-290.829092E-03
+185.495200E-03,-290.829092E-03
+185.502400E-03,-290.829092E-03
+185.509600E-03,-290.829092E-03
+185.516800E-03,-290.829092E-03
+185.524000E-03,-290.829092E-03
+185.531200E-03,-290.829092E-03
+185.538400E-03,-290.829092E-03
+185.545600E-03,-290.829092E-03
+185.552800E-03,-290.829092E-03
+185.560000E-03,-290.829092E-03
+185.567200E-03,-290.829092E-03
+185.574400E-03,-290.829092E-03
+185.581600E-03,-290.829092E-03
+185.588800E-03,-290.829092E-03
+185.596000E-03,-290.829092E-03
+185.603200E-03,-290.829092E-03
+185.610400E-03,-290.829092E-03
+185.617600E-03,-290.829092E-03
+185.624800E-03,-290.829092E-03
+185.632000E-03,-240.577826E-03
+185.639200E-03,-140.075332E-03
+185.646400E-03,-290.829092E-03
+185.653600E-03,-290.829092E-03
+185.660800E-03,-240.577826E-03
+185.668000E-03,-140.075332E-03
+185.675200E-03,-140.075332E-03
+185.682400E-03,-290.829092E-03
+185.689600E-03,-140.075332E-03
+185.696800E-03,-290.829092E-03
+185.704000E-03,-140.075332E-03
+185.711200E-03,-140.075332E-03
+185.718400E-03,-290.829092E-03
+185.725600E-03,-89.824066E-03
+185.732800E-03,-89.824066E-03
+185.740000E-03,-140.075332E-03
+185.747200E-03,-240.577826E-03
+185.754400E-03,-240.577826E-03
+185.761600E-03,-140.075332E-03
+185.768800E-03,-240.577826E-03
+185.776000E-03,-89.824066E-03
+185.783200E-03,-89.824066E-03
+185.790400E-03,-89.824066E-03
+185.797600E-03,-290.829092E-03
+185.804800E-03,-89.824066E-03
+185.812000E-03,-290.829092E-03
+185.819200E-03,-89.824066E-03
+185.826400E-03,-290.829092E-03
+185.833600E-03,-240.577826E-03
+185.840800E-03,-290.829092E-03
+185.848000E-03,-140.075332E-03
+185.855200E-03,-89.824066E-03
+185.862400E-03,-290.829092E-03
+185.869600E-03,-140.075332E-03
+185.876800E-03,-89.824066E-03
+185.884000E-03,-290.829092E-03
+185.891200E-03,-140.075332E-03
+185.898400E-03,-89.824066E-03
+185.905600E-03,-89.824066E-03
+185.912800E-03,-140.075332E-03
+185.920000E-03,-89.824066E-03
+185.927200E-03,-89.824066E-03
+185.934400E-03,-290.829092E-03
+185.941600E-03,-89.824066E-03
+185.948800E-03,-89.824066E-03
+185.956000E-03,-240.577825E-03
+185.963200E-03,-140.075332E-03
+185.970400E-03,-240.577825E-03
+185.977600E-03,-89.824066E-03
+185.984800E-03,-240.577825E-03
+185.992000E-03,-89.824066E-03
+185.999200E-03,-140.075332E-03
+186.006400E-03,-140.075332E-03
+186.013600E-03,-89.824066E-03
+186.020800E-03,-290.829092E-03
+186.028000E-03,-240.577825E-03
+186.035200E-03,-89.824066E-03
+186.042400E-03,-290.829092E-03
+186.049600E-03,-140.075332E-03
+186.056800E-03,-89.824066E-03
+186.064000E-03,-290.829092E-03
+186.071200E-03,-290.829092E-03
+186.078400E-03,-290.829092E-03
+186.085600E-03,-290.829092E-03
+186.092800E-03,-140.075332E-03
+186.100000E-03,-140.075332E-03
+186.107200E-03,-290.829092E-03
+186.114400E-03,-140.075333E-03
+186.121600E-03,-89.824066E-03
+186.128800E-03,-140.075333E-03
+186.136000E-03,-140.075333E-03
+186.143200E-03,-290.829092E-03
+186.150400E-03,-240.577825E-03
+186.157600E-03,-290.829092E-03
+186.164800E-03,-290.829092E-03
+186.172000E-03,-290.829092E-03
+186.179200E-03,-290.829092E-03
+186.186400E-03,-290.829092E-03
+186.193600E-03,-290.829092E-03
+186.200800E-03,-290.829092E-03
+186.208000E-03,-290.829092E-03
+186.215200E-03,-290.829092E-03
+186.222400E-03,-290.829092E-03
+186.229600E-03,-290.829092E-03
+186.236800E-03,-240.577825E-03
+186.244000E-03,-290.829092E-03
+186.251200E-03,-290.829092E-03
+186.258400E-03,-290.829092E-03
+186.265600E-03,-290.829092E-03
+186.272800E-03,-290.829092E-03
+186.280000E-03,-290.829092E-03
+186.287200E-03,-290.829092E-03
+186.294400E-03,-341.080359E-03
+186.301600E-03,-290.829092E-03
+186.308800E-03,-290.829092E-03
+186.316000E-03,-290.829092E-03
+186.323200E-03,-290.829092E-03
+186.330400E-03,-290.829092E-03
+186.337600E-03,-290.829092E-03
+186.344800E-03,-290.829092E-03
+186.352000E-03,-341.080359E-03
+186.359200E-03,-290.829092E-03
+186.366400E-03,-441.582852E-03
+186.373600E-03,-290.829092E-03
+186.380800E-03,-290.829092E-03
+186.388000E-03,-290.829092E-03
+186.395200E-03,-290.829092E-03
+186.402400E-03,-290.829092E-03
+186.409600E-03,-441.582852E-03
+186.416800E-03,-441.582852E-03
+186.424000E-03,-341.080359E-03
+186.431200E-03,-290.829092E-03
+186.438400E-03,-441.582852E-03
+186.445600E-03,-341.080360E-03
+186.452800E-03,-341.080360E-03
+186.460000E-03,-441.582852E-03
+186.467200E-03,-441.582852E-03
+186.474400E-03,-491.834119E-03
+186.481600E-03,-441.582852E-03
+186.488800E-03,-341.080360E-03
+186.496000E-03,-341.080360E-03
+186.503200E-03,-491.834119E-03
+186.510400E-03,-341.080360E-03
+186.517600E-03,-290.829092E-03
+186.524800E-03,-491.834119E-03
+186.532000E-03,-341.080360E-03
+186.539200E-03,-491.834119E-03
+186.546400E-03,-341.080360E-03
+186.553600E-03,-491.834119E-03
+186.560800E-03,-491.834119E-03
+186.568000E-03,-290.829092E-03
+186.575200E-03,-491.834119E-03
+186.582400E-03,-491.834119E-03
+186.589600E-03,-341.080360E-03
+186.596800E-03,-441.582852E-03
+186.604000E-03,-491.834119E-03
+186.611200E-03,-341.080360E-03
+186.618400E-03,-441.582852E-03
+186.625600E-03,-441.582852E-03
+186.632800E-03,-491.834119E-03
+186.640000E-03,-341.080360E-03
+186.647200E-03,-491.834119E-03
+186.654400E-03,-290.829092E-03
+186.661600E-03,-491.834119E-03
+186.668800E-03,-290.829092E-03
+186.676000E-03,-491.834119E-03
+186.683200E-03,-491.834119E-03
+186.690400E-03,-290.829092E-03
+186.697600E-03,-441.582852E-03
+186.704800E-03,-441.582851E-03
+186.712000E-03,-491.834119E-03
+186.719200E-03,-441.582851E-03
+186.726400E-03,-441.582851E-03
+186.733600E-03,-290.829092E-03
+186.740800E-03,-290.829092E-03
+186.748000E-03,-290.829092E-03
+186.755200E-03,-341.080360E-03
+186.762400E-03,-491.834119E-03
+186.769600E-03,-341.080360E-03
+186.776800E-03,-290.829092E-03
+186.784000E-03,-441.582851E-03
+186.791200E-03,-341.080360E-03
+186.798400E-03,-341.080360E-03
+186.805600E-03,-491.834119E-03
+186.812800E-03,-491.834119E-03
+186.820000E-03,-441.582851E-03
+186.827200E-03,-491.834119E-03
+186.834400E-03,-491.834119E-03
+186.841600E-03,-341.080360E-03
+186.848800E-03,-341.080360E-03
+186.856000E-03,-341.080360E-03
+186.863200E-03,-491.834119E-03
+186.870400E-03,-290.829092E-03
+186.877600E-03,-290.829092E-03
+186.884800E-03,-341.080360E-03
+186.892000E-03,-491.834119E-03
+186.899200E-03,-441.582851E-03
+186.906400E-03,-491.834119E-03
+186.913600E-03,-441.582851E-03
+186.920800E-03,-290.829092E-03
+186.928000E-03,-290.829092E-03
+186.935200E-03,-341.080360E-03
+186.942400E-03,-341.080360E-03
+186.949600E-03,-290.829092E-03
+186.956800E-03,-290.829092E-03
+186.964000E-03,-441.582851E-03
+186.971200E-03,-491.834119E-03
+186.978400E-03,-290.829092E-03
+186.985600E-03,-290.829092E-03
+186.992800E-03,-290.829092E-03
+187.000000E-03,-491.834119E-03
+187.007200E-03,-341.080360E-03
+187.014400E-03,-441.582851E-03
+187.021600E-03,-290.829092E-03
+187.028800E-03,-491.834119E-03
+187.036000E-03,-290.829092E-03
+187.043200E-03,-441.582851E-03
+187.050400E-03,-290.829092E-03
+187.057600E-03,-441.582851E-03
+187.064800E-03,-290.829092E-03
+187.072000E-03,-441.582851E-03
+187.079200E-03,-341.080360E-03
+187.086400E-03,-290.829092E-03
+187.093600E-03,-491.834119E-03
+187.100800E-03,-491.834119E-03
+187.108000E-03,-341.080360E-03
+187.115200E-03,-491.834119E-03
+187.122400E-03,-341.080360E-03
+187.129600E-03,-341.080360E-03
+187.136800E-03,-341.080360E-03
+187.144000E-03,-491.834119E-03
+187.151200E-03,-441.582851E-03
+187.158400E-03,-491.834119E-03
+187.165600E-03,-290.829092E-03
+187.172800E-03,-441.582851E-03
+187.180000E-03,-341.080360E-03
+187.187200E-03,-491.834119E-03
+187.194400E-03,-341.080360E-03
+187.201600E-03,-290.829092E-03
+187.208800E-03,-290.829092E-03
+187.216000E-03,-441.582851E-03
+187.223200E-03,-441.582851E-03
+187.230400E-03,-491.834119E-03
+187.237600E-03,-290.829092E-03
+187.244800E-03,-441.582851E-03
+187.252000E-03,-441.582851E-03
+187.259200E-03,-290.829092E-03
+187.266400E-03,-341.080360E-03
+187.273600E-03,-290.829092E-03
+187.280800E-03,-290.829092E-03
+187.288000E-03,-341.080360E-03
+187.295200E-03,-441.582851E-03
+187.302400E-03,-491.834119E-03
+187.309600E-03,-441.582851E-03
+187.316800E-03,-341.080360E-03
+187.324000E-03,-341.080360E-03
+187.331200E-03,-441.582851E-03
+187.338400E-03,-290.829092E-03
+187.345600E-03,-441.582851E-03
+187.352800E-03,-441.582851E-03
+187.360000E-03,-341.080360E-03
+187.367200E-03,-290.829092E-03
+187.374400E-03,-491.834119E-03
+187.381600E-03,-441.582851E-03
+187.388800E-03,-491.834119E-03
+187.396000E-03,-341.080360E-03
+187.403200E-03,-290.829092E-03
+187.410400E-03,-441.582851E-03
+187.417600E-03,-341.080360E-03
+187.424800E-03,-341.080360E-03
+187.432000E-03,-290.829092E-03
+187.439200E-03,-441.582851E-03
+187.446400E-03,-290.829092E-03
+187.453600E-03,-491.834119E-03
+187.460800E-03,-491.834119E-03
+187.468000E-03,-290.829092E-03
+187.475200E-03,-290.829092E-03
+187.482400E-03,-290.829092E-03
+187.489600E-03,-341.080360E-03
+187.496800E-03,-441.582851E-03
+187.504000E-03,-290.829092E-03
+187.511200E-03,-341.080360E-03
+187.518400E-03,-441.582851E-03
+187.525600E-03,-290.829092E-03
+187.532800E-03,-341.080360E-03
+187.540000E-03,-441.582851E-03
+187.547200E-03,-290.829092E-03
+187.554400E-03,-290.829092E-03
+187.561600E-03,-341.080360E-03
+187.568800E-03,-491.834119E-03
+187.576000E-03,-491.834119E-03
+187.583200E-03,-290.829092E-03
+187.590400E-03,-491.834119E-03
+187.597600E-03,-341.080361E-03
+187.604800E-03,-290.829092E-03
+187.612000E-03,-441.582851E-03
+187.619200E-03,-441.582851E-03
+187.626400E-03,-441.582851E-03
+187.633600E-03,-441.582851E-03
+187.640800E-03,-341.080361E-03
+187.648000E-03,-441.582851E-03
+187.655200E-03,-491.834119E-03
+187.662400E-03,-491.834119E-03
+187.669600E-03,-290.829092E-03
+187.676800E-03,-341.080361E-03
+187.684000E-03,-441.582851E-03
+187.691200E-03,-441.582851E-03
+187.698400E-03,-491.834119E-03
+187.705600E-03,-341.080361E-03
+187.712800E-03,-290.829092E-03
+187.720000E-03,-341.080361E-03
+187.727200E-03,-290.829092E-03
+187.734400E-03,-341.080361E-03
+187.741600E-03,-341.080361E-03
+187.748800E-03,-441.582851E-03
+187.756000E-03,-290.829092E-03
+187.763200E-03,-290.829092E-03
+187.770400E-03,-441.582851E-03
+187.777600E-03,-341.080361E-03
+187.784800E-03,-441.582851E-03
+187.792000E-03,-491.834119E-03
+187.799200E-03,-441.582851E-03
+187.806400E-03,-491.834119E-03
+187.813600E-03,-441.582851E-03
+187.820800E-03,-290.829092E-03
+187.828000E-03,-441.582850E-03
+187.835200E-03,-290.829092E-03
+187.842400E-03,-491.834119E-03
+187.849600E-03,-441.582850E-03
+187.856800E-03,-341.080361E-03
+187.864000E-03,-441.582850E-03
+187.871200E-03,-290.829092E-03
+187.878400E-03,-341.080361E-03
+187.885600E-03,-441.582850E-03
+187.892800E-03,-290.829092E-03
+187.900000E-03,-491.834119E-03
+187.907200E-03,-441.582850E-03
+187.914400E-03,-441.582850E-03
+187.921600E-03,-341.080361E-03
+187.928800E-03,-341.080361E-03
+187.936000E-03,-341.080361E-03
+187.943200E-03,-290.829092E-03
+187.950400E-03,-290.829092E-03
+187.957600E-03,-290.829092E-03
+187.964800E-03,-491.834119E-03
+187.972000E-03,-341.080361E-03
+187.979200E-03,-290.829092E-03
+187.986400E-03,-290.829092E-03
+187.993600E-03,-441.582850E-03
+188.000800E-03,-491.834119E-03
+188.008000E-03,-491.834119E-03
+188.015200E-03,-290.829092E-03
+188.022400E-03,-441.582850E-03
+188.029600E-03,-491.834119E-03
+188.036800E-03,-441.582850E-03
+188.044000E-03,-290.829092E-03
+188.051200E-03,-290.829092E-03
+188.058400E-03,-341.080361E-03
+188.065600E-03,-341.080361E-03
+188.072800E-03,-290.829092E-03
+188.080000E-03,-441.582850E-03
+188.087200E-03,-290.829092E-03
+188.094400E-03,-341.080361E-03
+188.101600E-03,-341.080361E-03
+188.108800E-03,-341.080361E-03
+188.116000E-03,-491.834119E-03
+188.123200E-03,-290.829092E-03
+188.130400E-03,-290.829092E-03
+188.137600E-03,-491.834119E-03
+188.144800E-03,-441.582850E-03
+188.152000E-03,-491.834119E-03
+188.159200E-03,-290.829092E-03
+188.166400E-03,-290.829092E-03
+188.173600E-03,-441.582850E-03
+188.180800E-03,-290.829092E-03
+188.188000E-03,-290.829092E-03
+188.195200E-03,-290.829092E-03
+188.202400E-03,-441.582850E-03
+188.209600E-03,-441.582850E-03
+188.216800E-03,-290.829092E-03
+188.224000E-03,-341.080361E-03
+188.231200E-03,-341.080361E-03
+188.238400E-03,-290.829092E-03
+188.245600E-03,-290.829092E-03
+188.252800E-03,-341.080361E-03
+188.260000E-03,-341.080361E-03
+188.267200E-03,-290.829092E-03
+188.274400E-03,-491.834119E-03
+188.281600E-03,-491.834119E-03
+188.288800E-03,-341.080361E-03
+188.296000E-03,-491.834119E-03
+188.303200E-03,-491.834119E-03
+188.310400E-03,-441.582850E-03
+188.317600E-03,-491.834119E-03
+188.324800E-03,-491.834119E-03
+188.332000E-03,-491.834119E-03
+188.339200E-03,-491.834119E-03
+188.346400E-03,-491.834119E-03
+188.353600E-03,-491.834119E-03
+188.360800E-03,-441.582850E-03
+188.368000E-03,-341.080361E-03
+188.375200E-03,-441.582850E-03
+188.382400E-03,-290.829092E-03
+188.389600E-03,-441.582850E-03
+188.396800E-03,-491.834119E-03
+188.404000E-03,-491.834119E-03
+188.411200E-03,-441.582850E-03
+188.418400E-03,-491.834119E-03
+188.425600E-03,-441.582850E-03
+188.432800E-03,-341.080361E-03
+188.440000E-03,-290.829092E-03
+188.447200E-03,-341.080361E-03
+188.454400E-03,-290.829092E-03
+188.461600E-03,-441.582850E-03
+188.468800E-03,-441.582850E-03
+188.476000E-03,-341.080361E-03
+188.483200E-03,-290.829092E-03
+188.490400E-03,-441.582850E-03
+188.497600E-03,-341.080361E-03
+188.504800E-03,-491.834119E-03
+188.512000E-03,-491.834119E-03
+188.519200E-03,-341.080361E-03
+188.526400E-03,-290.829092E-03
+188.533600E-03,-441.582850E-03
+188.540800E-03,-341.080361E-03
+188.548000E-03,-441.582850E-03
+188.555200E-03,-441.582850E-03
+188.562400E-03,-290.829092E-03
+188.569600E-03,-441.582850E-03
+188.576800E-03,-441.582850E-03
+188.584000E-03,-441.582850E-03
+188.591200E-03,-441.582850E-03
+188.598400E-03,-290.829092E-03
+188.605600E-03,-441.582850E-03
+188.612800E-03,-290.829092E-03
+188.620000E-03,-290.829092E-03
+188.627200E-03,-441.582850E-03
+188.634400E-03,-441.582850E-03
+188.641600E-03,-290.829092E-03
+188.648800E-03,-290.829092E-03
+188.656000E-03,-290.829092E-03
+188.663200E-03,-290.829092E-03
+188.670400E-03,-290.829092E-03
+188.677600E-03,-290.829092E-03
+188.684800E-03,-290.829092E-03
+188.692000E-03,-290.829092E-03
+188.699200E-03,-290.829092E-03
+188.706400E-03,-290.829092E-03
+188.713600E-03,-290.829092E-03
+188.720800E-03,-290.829092E-03
+188.728000E-03,-290.829092E-03
+188.735200E-03,-290.829092E-03
+188.742400E-03,-341.080362E-03
+188.749600E-03,-290.829092E-03
+188.756800E-03,-290.829092E-03
+188.764000E-03,-290.829092E-03
+188.771200E-03,-290.829092E-03
+188.778400E-03,-290.829092E-03
+188.785600E-03,-290.829092E-03
+188.792800E-03,-290.829092E-03
+188.800000E-03,-290.829092E-03
+188.807200E-03,-290.829092E-03
+188.814400E-03,-290.829092E-03
+188.821600E-03,-290.829092E-03
+188.828800E-03,-290.829092E-03
+188.836000E-03,-441.582850E-03
+188.843200E-03,-290.829092E-03
+188.850400E-03,-341.080362E-03
+188.857600E-03,-290.829092E-03
+188.864800E-03,-491.834119E-03
+188.872000E-03,-290.829092E-03
+188.879200E-03,-290.829092E-03
+188.886400E-03,-290.829092E-03
+188.893600E-03,-290.829092E-03
+188.900800E-03,-290.829092E-03
+188.908000E-03,-341.080362E-03
+188.915200E-03,-290.829092E-03
+188.922400E-03,-290.829092E-03
+188.929600E-03,-290.829092E-03
+188.936800E-03,-290.829092E-03
+188.944000E-03,-290.829092E-03
+188.951200E-03,-441.582849E-03
+188.958400E-03,-290.829092E-03
+188.965600E-03,-290.829092E-03
+188.972800E-03,-290.829092E-03
